{"districts": [{"precincts": [1, 23, 245, 346, 218, 489, 1060, 319, 40, 8, 162, 940, 898, 921, 1100, 681, 513, 840, 1178, 768, 743, 667, 673, 534, 413, 725, 13, 533, 165, 333, 381, 132, 16, 86, 102, 159, 64, 113, 20, 1442, 949, 116, 1232, 28, 111, 51, 372, 396, 535, 46, 306, 955, 78, 25, 618, 136, 232, 91, 236, 244, 45, 312, 1318, 202, 806, 133, 29, 257, 1482, 96, 163, 347, 309, 267, 670, 32, 169, 255, 1483, 228, 788, 44, 33, 688, 157, 193, 35, 69, 104, 352, 440, 38, 476, 343, 214, 212, 464, 270, 462, 248, 511, 63, 483, 385, 350, 71, 129, 215, 81, 39, 298, 321, 422, 310, 209, 1468, 1486, 48, 140, 303, 160, 76, 171, 271, 178, 855, 442, 471, 402, 414, 802, 764, 52, 645, 549, 894, 866, 496, 682, 722, 144, 131, 62, 65, 336, 66, 68, 250, 145, 190, 105, 578, 636, 153, 272, 134, 110, 774, 1188, 719, 254, 619, 79, 243, 112, 152, 1197, 198, 235, 305, 452, 84, 276, 550, 210, 87, 137, 238, 182, 156, 559, 759, 1322, 320, 423, 167, 584, 259, 206, 122, 1325, 338, 387, 191, 173, 263, 141, 421, 207, 175, 294, 205, 201, 1096, 150, 155, 224, 789, 906, 877, 927, 1006, 972, 945, 834, 477, 916, 288, 351, 189, 204, 1031, 386, 362, 963, 474, 1203, 315, 500, 222, 449, 503, 1002, 1474, 435, 229, 293, 563, 924, 592, 1078, 287, 481, 233, 830, 641, 756, 373, 239, 825, 323, 374, 313, 364, 279, 322, 389, 296, 581, 961, 359, 467, 314, 307, 1268, 617, 995, 690, 418, 375, 446, 839, 655, 818, 775, 587, 928, 765, 901], "totalPop": 710176, "totalVap": 522276, "whitePop": 361457, "whiteVap": 293740, "blackPop": 14687, "blackVap": 11113, "asianPop": 9569, "asianVap": 7733, "hispanicPop": 147833, "hispanicVap": 94287, "area": 55167.28989937752, "perimeter": 2933.938542321998, "polsbyPopperCompactness": 0.08053589492759024, "number": 1}, {"precincts": [460, 551, 1008, 10, 186, 713, 761, 536, 714, 441, 397, 450, 827, 14, 17, 886, 603, 1451, 918, 363, 1401, 286, 611, 107, 517, 59, 1069, 560, 817, 1441, 1320, 1030, 70, 634, 180, 123, 75, 83, 675, 115, 1046, 149, 473, 366, 657, 601, 284, 612, 514, 956, 439, 805, 647, 443, 339, 420, 703, 837, 893, 311, 278, 836, 1344, 220, 181, 762, 1314, 607, 192, 410, 328, 526, 1077, 540, 1163, 370, 977, 951, 990, 478, 472, 430, 208, 565, 962, 1038, 348, 341, 874, 871, 252, 407, 532, 568, 427, 291, 1064, 954, 812, 1055, 777, 661, 382, 701, 444, 292, 627, 579, 523, 448, 712, 638, 324, 574, 646, 466, 752, 1208, 683, 547, 331, 582, 800, 485, 332, 715, 508, 334, 415, 463, 754, 404, 650, 335, 432, 459, 434, 337, 642, 803, 495, 1093, 585, 355, 572, 730, 1029, 406, 528, 558, 408, 411, 1009, 919, 1258, 804, 931, 527, 1261, 1186, 890, 1330, 475, 779, 1089, 1362, 1211, 1126, 741, 1206, 504, 724, 785, 542, 1252, 1229, 1371, 577, 831, 974, 1461, 1086, 819, 897, 709, 1141, 723, 595, 1260, 630, 689, 1230, 1146, 828, 1181], "totalPop": 710244, "totalVap": 558266, "whitePop": 457257, "whiteVap": 386567, "blackPop": 25859, "blackVap": 19387, "asianPop": 19300, "asianVap": 15679, "hispanicPop": 183548, "hispanicVap": 121387, "area": 7890.215709749628, "perimeter": 624.8176666262021, "polsbyPopperCompactness": 0.253975684343426, "number": 2}, {"precincts": [2, 3, 168, 47, 1464, 664, 77, 19, 21, 1068, 391, 342, 1094, 1433, 1019, 1478, 1369, 26, 114, 42, 121, 197, 30, 1272, 54, 37, 217, 90, 344, 936, 1001, 1034, 327, 176, 74, 623, 50, 135, 97, 240, 118, 172, 521, 727, 72, 829, 1129, 767, 1437, 458, 161, 821, 231, 61, 94, 345, 1288, 758, 395, 1286, 597, 93, 99, 89, 593, 1177, 365, 109, 219, 1312, 668, 269, 183, 369, 139, 164, 127, 130, 708, 349, 188, 147, 142, 1452, 1133, 1349, 997, 1383, 622, 394, 554, 957, 1469, 158, 676, 745, 696, 887, 177, 740, 230, 1321, 1350, 515, 196, 958, 880, 281, 256, 1375, 358, 282, 606, 1140, 1456, 1116, 858, 297, 539, 1417, 691, 561, 317, 1102, 1049, 1180, 700, 325, 1411, 1348, 1205, 859, 1366, 1231, 959, 791, 947, 383, 1423, 384, 854, 1118, 687, 1315, 744, 833, 589, 1139, 1222, 933, 883, 596, 598, 1279, 1257, 635, 792, 1407, 904, 1297, 1087, 738, 1115, 773, 1022, 778, 1200, 939, 790, 1091, 1345, 813, 1251, 1341, 1424, 903, 896, 1212], "totalPop": 710252, "totalVap": 497762, "whitePop": 206628, "whiteVap": 172019, "blackPop": 27377, "blackVap": 19443, "asianPop": 12168, "asianVap": 9826, "hispanicPop": 430400, "hispanicVap": 274610, "area": 15690.284454373079, "perimeter": 1097.692497431084, "polsbyPopperCompactness": 0.16363616373261933, "number": 3}, {"precincts": [184, 1067, 1059, 720, 1434, 1152, 1130, 965, 988, 911, 1248, 128, 225, 9, 594, 18, 12, 11, 15, 57, 268, 247, 85, 543, 24, 41, 1113, 22, 49, 234, 591, 656, 772, 56, 31, 378, 103, 1467, 1443, 1007, 1099, 124, 575, 417, 185, 179, 1170, 213, 154, 781, 27, 1287, 1448, 73, 455, 1471, 1438, 1465, 729, 1419, 55, 119, 34, 108, 360, 43, 1480, 379, 416, 525, 226, 258, 302, 371, 125, 117, 58, 750, 53, 242, 92, 60, 120, 428, 1488, 151, 301, 1454, 1233, 80, 357, 203, 1334, 174, 409, 1247, 900, 100, 493, 170, 106, 923, 1354, 1143, 694, 166, 138, 216, 530, 143, 1421, 1489, 1463, 146, 953, 1473, 522, 353, 1326, 398, 200, 1142, 1051, 274, 262, 583, 881, 380, 621, 237, 1276, 393, 1487, 1402, 1111, 1005, 1003, 798, 552, 1097, 401, 491, 796, 509, 1045, 545, 734, 823, 1080, 588, 907, 1227, 666, 1136, 1301, 1408, 1436, 1004, 1440, 1477, 1070, 1422], "totalPop": 710224, "totalVap": 556383, "whitePop": 538609, "whiteVap": 443629, "blackPop": 11065, "blackVap": 8123, "asianPop": 7422, "asianVap": 5958, "hispanicPop": 127216, "hispanicVap": 80797, "area": 33407.555085871245, "perimeter": 2482.0741549935497, "polsbyPopperCompactness": 0.06814359668888537, "number": 4}, {"precincts": [7, 95, 771, 718, 809, 1316, 625, 732, 1112, 1238, 1016, 36, 1271, 704, 1274, 1246, 501, 1050, 1285, 1373, 1201, 88, 980, 950, 780, 992, 648, 98, 1376, 842, 868, 1331, 1340, 1063, 590, 199, 1298, 1430, 674, 1047, 1432, 934, 899, 1275, 925, 1132, 1404, 445, 1040, 1182, 399, 1361, 1085, 388, 1196, 1295, 847, 1198, 425, 652, 795, 1151, 970, 602, 846, 1319, 1353, 631, 494, 1356, 1270, 531, 862, 1359, 1311, 546, 1176, 562, 1135, 1119, 1374, 1384, 604, 984, 864, 1054, 1134, 865, 616, 1445, 978, 1226, 1032, 1259, 1405, 1351, 948, 1207, 1215, 733, 1145, 736, 1174, 915, 1368, 1332, 1364, 873, 1303, 1435, 1329, 1358, 1265, 952, 776, 1202, 1082, 808, 1041, 875, 1242, 1108, 1074, 982, 1277, 1394, 1253, 1249], "totalPop": 710224, "totalVap": 512943, "whitePop": 518678, "whiteVap": 394037, "blackPop": 20369, "blackVap": 14141, "asianPop": 29791, "asianVap": 21360, "hispanicPop": 118907, "hispanicVap": 71636, "area": 294.4908322750358, "perimeter": 117.04112657593306, "polsbyPopperCompactness": 0.2701498038751009, "number": 5}, {"precincts": [1194, 148, 810, 126, 1193, 838, 639, 1015, 908, 685, 1149, 695, 1296, 1306, 979, 101, 304, 486, 569, 653, 822, 613, 1024, 194, 1013, 835, 400, 211, 889, 361, 888, 1042, 1084, 221, 1250, 1162, 457, 793, 1292, 227, 299, 697, 1020, 567, 986, 637, 249, 716, 610, 275, 769, 1044, 497, 300, 662, 318, 412, 506, 326, 742, 686, 329, 1370, 429, 981, 498, 1169, 867, 989, 1124, 367, 1429, 487, 863, 1310, 1075, 853, 376, 910, 717, 451, 993, 1168, 426, 633, 735, 1323, 1114, 431, 507, 872, 1101, 1058, 433, 746, 1313, 1357, 461, 665, 1056, 706, 1199, 845, 1266, 1237, 1472, 488, 922, 1052, 624, 1128, 1000, 705, 878, 1390, 1025, 557, 1485, 1144, 671, 1189, 570, 1410, 693, 1363, 1324, 1379, 1386, 1138, 1048, 787, 1156, 678, 707, 999, 969, 1328, 983, 1223, 748, 1378, 814, 1235, 816, 1218, 909, 929, 1105], "totalPop": 686050, "totalVap": 535922, "whitePop": 532978, "whiteVap": 434674, "blackPop": 14317, "blackVap": 10707, "asianPop": 24118, "asianVap": 18653, "hispanicPop": 90970, "hispanicVap": 57491, "area": 709.1636546262042, "perimeter": 199.61493048800446, "polsbyPopperCompactness": 0.2236507144062219,