{"districts": [{"precincts": [1, 1737, 6, 1738, 7, 2, 10, 1808, 19, 3, 1732, 1733, 12, 4, 13, 5, 9, 8, 11, 36, 39, 761, 40, 50, 1809, 34, 14, 857, 15, 859, 760, 747, 17, 20, 16, 18, 868, 748, 864, 746, 750, 749, 1807, 766, 767, 754, 21, 340, 23, 24, 30, 25, 28, 22, 339, 335, 327, 27, 328, 26, 29, 31, 32, 33, 35, 1769, 37, 63, 66, 67, 68, 38, 763, 764, 45, 765, 55, 41, 42, 62, 47, 43, 46, 51, 48, 44, 49, 54, 52, 56, 64, 53, 65, 69, 74, 72, 71, 70, 73, 1770, 397, 400, 283, 299, 1765, 1768, 1763, 1766, 302, 284, 1767, 289, 291, 285, 442, 445, 288, 286, 290, 287, 981, 1746, 1747, 1752, 1748, 1751, 322, 292, 303, 321, 323, 552, 1739, 1753, 1755, 1761, 312, 305, 1760, 1762, 311, 310, 319, 324, 555, 326, 325, 329, 752, 875, 873, 759, 874, 549, 330, 550, 333, 331, 1801, 332, 334, 338, 1800, 337, 336, 554, 556, 398, 1189, 434, 432, 436, 433, 437, 850, 435, 849, 438, 847, 451, 439, 1744, 444, 1013, 974, 973, 1749, 863, 862, 1804, 551, 553, 615, 912, 1803, 616, 1802, 753, 870, 871, 751, 756, 757, 758, 755, 768, 762, 855, 913, 858, 856, 860, 948, 861, 872, 867, 865, 869, 866, 876, 1731, 911, 1795, 938, 1182, 1183, 947, 1734, 968, 1193, 1192, 1194, 1191, 977, 978, 1735, 1736, 1756, 1745, 1757, 1750, 1764, 1758], "totalPop": 726108, "totalVap": 561051, "whitePop": 592931, "whiteVap": 467670, "blackPop": 82213, "blackVap": 61589, "asianPop": 13214, "asianVap": 9668, "hispanicPop": 23833, "hispanicVap": 15389, "area": 4127.815989956149, "perimeter": 2630.4887558031114, "polsbyPopperCompactness": 0.007496478394078076, "number": 1}, {"precincts": [293, 572, 446, 449, 1740, 1741, 1742, 297, 1743, 296, 294, 295, 304, 1754, 1759, 298, 300, 301, 306, 308, 313, 315, 307, 309, 314, 316, 317, 318, 320, 425, 427, 848, 426, 852, 431, 854, 450, 428, 567, 571, 853, 570, 430, 851, 429, 447, 569, 573, 594, 836, 844, 1011, 1006, 448, 452, 557, 926, 586, 587, 984, 985, 558, 987, 560, 559, 823, 827, 825, 561, 614, 562, 574, 563, 590, 589, 591, 579, 580, 592, 581, 568, 593, 564, 595, 566, 565, 613, 612, 575, 576, 577, 588, 583, 578, 824, 826, 835, 888, 1678, 1603, 1677, 693, 689, 1685, 1686, 1687, 691, 695, 692, 1622, 694, 1627, 1610, 1614, 1615, 1613, 1616, 1619, 1360, 1604, 880, 796, 793, 794, 801, 805, 798, 806, 1309, 803, 804, 807, 881, 882, 883, 809, 810, 808, 1310, 886, 837, 992, 1010, 841, 842, 1002, 1012, 885, 884, 887, 925, 1069, 983, 966, 1004, 1036, 1005, 1030, 967, 1014, 972, 1722, 1070, 1078, 1072, 990, 1066, 991, 1008, 998, 999, 1001, 1060, 1007, 1000, 1034, 1003, 1035, 1009, 1022, 1059, 1026, 1718, 1196, 1143, 1176, 1144, 1199, 1146, 1141, 1198, 1142, 1151, 1160, 1148, 1177, 1179, 1149, 1150, 1180, 1152, 1181, 1197, 1719, 1720, 1186, 1723, 1721, 1175, 1185, 1679, 1617], "totalPop": 718248, "totalVap": 548214, "whitePop": 393304, "whiteVap": 322356, "blackPop": 230840, "blackVap": 163778, "asianPop": 32609, "asianVap": 24860, "hispanicPop": 39066, "hispanicVap": 25780, "area": 371.4775544725832, "perimeter": 549.3090604873585, "polsbyPopperCompactness": 0.01547066267804328, "number": 2}, {"precincts": [706, 94, 1489, 95, 92, 93, 1486, 1487, 1488, 1798, 839, 840, 1775, 1570, 1777, 986, 1225, 1229, 584, 582, 922, 1228, 585, 923, 924, 610, 609, 611, 603, 605, 791, 606, 607, 604, 719, 634, 640, 632, 698, 709, 633, 710, 711, 717, 714, 718, 715, 642, 639, 641, 657, 688, 697, 696, 1605, 1606, 699, 701, 704, 705, 1674, 1675, 1676, 1688, 1691, 690, 1594, 1595, 1592, 1621, 1597, 1623, 1629, 1359, 1628, 1361, 1609, 703, 702, 700, 707, 708, 712, 713, 716, 1333, 1341, 789, 785, 783, 1343, 786, 784, 1344, 787, 1347, 1346, 788, 792, 1338, 800, 795, 1366, 1363, 1364, 799, 797, 814, 811, 1345, 802, 889, 1316, 1311, 833, 829, 995, 828, 994, 996, 834, 997, 831, 832, 830, 843, 838, 846, 845, 894, 892, 890, 1233, 1318, 891, 1234, 893, 895, 896, 897, 1212, 898, 1230, 1231, 1226, 1227, 915, 1076, 1065, 1032, 1033, 1024, 1031, 1025, 1015, 1109, 1110, 1103, 1104, 1016, 1020, 1019, 1017, 1090, 1018, 1093, 1021, 1094, 1058, 1023, 1714, 1709, 1717, 1716, 1067, 1071, 1075, 1088, 1097, 1096, 1101, 1091, 1710, 1713, 1711, 1099, 1102, 1100, 1147, 1154, 1162, 1715, 1153, 1155, 1163, 1706, 1708, 1707, 1313, 1317, 1608, 1611, 1612, 1340, 1336, 1339, 1335, 1618, 1337, 1559, 1562, 1564, 1492, 1495, 1496, 1498, 1494, 1506, 1505, 1776, 1511, 1512, 1513, 1510, 1692, 1514, 1693, 1670, 1681, 1683, 1682, 1684, 1583, 1582, 1690, 1584, 1591, 1689, 1672, 1680], "totalPop": 722080, "totalVap": 565010, "whitePop": 453935, "whiteVap": 373619, "blackPop": 146177, "blackVap": 105977, "asianPop": 46205, "asianVap": 35840, "hispanicPop": 55684, "hispanicVap": 38462, "area": 306.2779819488965, "perimeter": 516.9555170753234, "polsbyPopperCompactness": 0.014401883441799749, "number": 3}, {"precincts": [678, 1423, 1421, 1424, 401, 742, 734, 743, 405, 403, 402, 404, 410, 406, 407, 411, 744, 453, 454, 409, 408, 486, 413, 487, 488, 412, 414, 489, 490, 492, 493, 491, 494, 503, 497, 495, 485, 1569, 1504, 496, 505, 500, 498, 502, 499, 513, 512, 524, 501, 525, 522, 504, 506, 517, 507, 508, 510, 520, 511, 536, 1546, 1636, 539, 509, 519, 514, 521, 518, 529, 1640, 516, 515, 527, 526, 528, 1422, 531, 1425, 532, 535, 533, 530, 1657, 1660, 534, 1666, 1426, 1427, 537, 538, 1550, 540, 1547, 1637, 541, 542, 1548, 544, 543, 596, 617, 620, 608, 624, 623, 597, 601, 598, 780, 790, 599, 600, 602, 637, 627, 625, 619, 776, 777, 618, 775, 622, 781, 628, 629, 621, 779, 631, 626, 687, 686, 630, 638, 635, 636, 1436, 656, 1476, 671, 670, 672, 676, 673, 674, 661, 663, 675, 664, 662, 1607, 677, 1329, 679, 680, 682, 684, 685, 1348, 1349, 683, 1519, 1673, 733, 769, 771, 1331, 778, 1334, 772, 770, 1332, 782, 1342, 773, 774, 1330, 1428, 1429, 1430, 1469, 1468, 1472, 1462, 1543, 1463, 1465, 1551, 1544, 1552, 1466, 1467, 1553, 1560, 1661, 1658, 1470, 1518, 1509, 1668, 1508, 1667, 1517, 1669, 1671, 1542, 1545, 1566, 1568, 1639, 1641, 1659], "totalPop": 722358, "totalVap": 544623, "whitePop": 197766, "whiteVap": 157138, "blackPop": 387615, "blackVap": 291713, "asianPop": 21948, "asianVap": 17555, "hispanicPop": 98171, "hispanicVap": 67846, "area": 298.09762922181943, "perimeter": 319.6665394291533, "polsbyPopperCompactness": 0.03665844399429158, "number": 4}, {"precincts": [57, 351, 910, 58, 667, 669, 59, 61, 668, 60, 681, 201, 202, 203, 210, 205, 206, 204, 217, 218, 720, 207, 730, 208, 209, 372, 381, 375, 373, 960, 961, 949, 384, 211, 213, 212, 721, 722, 214, 215, 216, 467, 374, 376, 377, 378, 379, 468, 388, 389, 723, 724, 729, 341, 393, 394, 348, 395, 1432, 665, 342, 344, 345, 343, 907, 346, 386, 904, 908, 350, 349, 347, 352, 909, 382, 954, 385, 383, 380, 387, 950, 953, 903, 959, 905, 470, 463, 466, 465, 469, 479, 390, 480, 391, 483, 392, 484, 523, 473, 741, 475, 474, 476, 455, 456, 457, 459, 462, 725, 458, 464, 726, 460, 727, 461, 728, 738, 471, 739, 472, 477, 745, 478, 482, 481, 1650, 1638, 1549, 545, 548, 1554, 546, 1635, 547, 1555, 1556, 1567, 1642, 1651, 1647, 1649, 1646, 1644, 1643, 1645, 643, 1441, 650, 652, 1440, 651, 1438, 653, 646, 644, 1437, 645, 1475, 1474, 647, 1434, 1431, 654, 649, 1439, 648, 1435, 655, 1433, 666, 658, 660, 659, 735, 736, 731, 740, 732, 737, 906, 957, 958, 945, 946, 965, 964, 962, 963, 955, 952, 951, 956, 982, 1471, 1665, 1664, 1473, 1663, 1653, 1654, 1655, 1656, 1516, 1507, 1565, 1662, 1648, 1652], "totalPop": 719848, "totalVap": 544426, "whitePop": 354799, "whiteVap": 282723, "blackPop": 262585, "blackVap": 192563, "asianPop": 27304, "asianVap": 22167, "hispanicPop": 52162, "hispanicVap": 34381, "area": 1492.3082602199556, "perimeter": 1018.8196857658502, "polsbyPopperCompactness": 0.01806648859309497,